<?xml version="1.0" encoding="UTF-8"?>
<!DOCTYPE mapper PUBLIC "-//mybatis.org//DTD Mapper 3.0//EN" "http://mybatis.org/dtd/mybatis-3-mapper.dtd">
<mapper namespace="com.laola.apa.mapper.DoctorMapper">

    <resultMap type="com.laola.apa.entity.Doctor" id="DoctorMap">
        <result property="id" column="id" jdbcType="INTEGER"/>
        <result property="type" column="type" jdbcType="VARCHAR"/>
        <result property="name" column="name" jdbcType="VARCHAR"/>
    </resultMap>

    <!--查询单个-->
    <select id="queryById" resultMap="DoctorMap">
        select
          id, type, name
        from laola.doctor
        where id = #{id}
    </select>

    <!--查询指定行数据-->
    <select id="queryAllByLimit" resultMap="DoctorMap">
        select
          id, type, name
        from laola.doctor
        limit #{offset}, #{limit}
    </select>

    <!--通过实体作为筛选条件查询-->
    <select id="queryAll" resultMap="DoctorMap">
        select
        id, type, name
        from laola.doctor
        <where>
            <if test="id != null">
                and id = #{id}
            </if>
            <if test="type != null and type != ''">
                and type = #{type}
            </if>
            <if test="name != null and name != ''">
                and name = #{name}
            </if>
        </where>
    </select>

    <!--新增所有列-->
    <insert id="insert" keyProperty="id" useGeneratedKeys="true">
        insert into laola.doctor(type, name)
        values (#{type}, #{name})
    </insert>

    <!--通过主键修改数据-->
    <update id="update">
        update laola.doctor
        <set>
            <if test="type != null and type != ''">
                type = #{type},
            </if>
            <if test="name != null and name != ''">
                name = #{name},
            </if>
        </set>
        where id = #{id}
    </update>

    <!--通过主键删除-->
    <delete id="deleteById" >
        delete from laola.doctor where id = #{id}
    </delete>

    <!--通过主键批量删除-->
    <delete id="deleteByIds" parameterType="int">
        delete from laola.doctor where id in
        <foreach collection="array" item="ids" open="(" separator="," close=")">
            #{ids}
        </foreach>
    </delete>

</mapper>