<?xml version="1.0" encoding="UTF-8"?>
<!DOCTYPE mapper PUBLIC "-//mybatis.org//DTD Mapper 3.0//EN" "http://mybatis.org/dtd/mybatis-3-mapper.dtd">
<mapper namespace="com.laola.apa.mapper.RegentPlaceMapper">
    <resultMap id="BaseResultMap" type="com.laola.apa.entity.RegentPlace">
        <!--
          WARNING - @mbg.generated
        -->
        <id column="id" jdbcType="INTEGER" property="id"/>
        <result column="project_param_id" jdbcType="INTEGER" property="projectParamId"/>
        <result column="place" jdbcType="INTEGER" property="place"/>
        <result column="type" jdbcType="INTEGER" property="type"/>
        <result column="count" jdbcType="INTEGER" property="count"/>
    </resultMap>

    <update id="minusOneCopyReagentR1">
       UPDATE regent_place SET count=(count-1) WHERE id = (SELECT id FROM (SELECT id FROM regent_place
       WHERE project_param_id = (SELECT project_param_id FROM project WHERE id = #{projectId}) AND count>0 AND type="R1") as aa LIMIT 1);
    </update>

    <update id="minusOneCopyReagentR2">
       UPDATE regent_place SET count=(count-1) WHERE id = (SELECT id FROM (SELECT id FROM regent_place
       WHERE project_param_id = (SELECT project_param_id FROM project WHERE id = #{projectId}) AND count>0 AND type="R2") as aa LIMIT 1);
    </update>

    <select id="getCopies" resultType="Integer">
        SELECT SUM(count) FROM regent_place WHERE  project_param_id = (SELECT project_param_id FROM project WHERE id = #{projectId}) AND count>0;
    </select>
    <select id="getParamIds" resultType="String">
        SELECT distinct(project_param_id) FROM regent_place;
    </select>
</mapper>